wallet_id,fraud_label,fraud_score,wallet_address
126,-1,-0.006122576523283629,0x0089c302191f061af205499241f12516229c846d
130,-1,-0.016416024922340844,0x00a0f5d5097aad56f63afcff11dc4138a017979d
166,-1,-0.024725220413163496,0x0106ae58191d852c4dff930a7e81db0d00c98678
184,-1,-0.024725220413163496,0x012d018f0f901167aad5ba810d2f3d763fcef538
426,-1,-0.02298306747406853,0x0417645951a0965cb25bdcbe6bc0802036f996a5
465,-1,-0.04637912417657719,0x047f7d99f18c23baab7ce08abc665347b6102b1b
500,-1,-0.022391341882252114,0x04f249036a5506f4c5dabb617f07c47aa548818c
703,-1,-0.004134907174110136,0x072f380e65dd25a2cd5260e26b77e6dac076932c
867,-1,-0.004369993683493778,0x08c804773142169de3b76597c2e78657aac7a346
901,-1,-0.04513348956220864,0x090344b55d1079d41f212e9fc30780230d180038
903,-1,-0.04513348956220864,0x09038ff4c23907a5ed936fb52ae585830d180038
944,-1,-0.008263754191404127,0x09361e781ec7f1d67400673b1ff6fbfa3fccf058
1016,-1,-0.002975270455075063,0x09e694699db3a5284ae168d19262a3315f7c5deb
1148,-1,-0.00288149374237201,0x0b5c4a7fcda49e0a8661419bb55b86161a86db2a
1156,-1,-0.02298306747406853,0x0b7eff2b8be8aa6bb622808f9012922353ebd1fa
1364,-1,-0.007421133508602407,0x0dab57c5fefff1f242f743940c8ffa00328b5d79
1437,-1,-0.04588061748278882,0x0e6ac7b258780891be58825aa73e250f25c53369
1484,-1,-0.057627864872008105,0x0eeed5f7a9054078a7fb72527283b7bab0a8b4f8
1647,-1,-0.02298306747406853,0x10967facef33f27804b9f0c4d682bd7a75897d8a
1731,-1,-0.006610607774663713,0x1157a2076b9bb22a85cc2c162f20fab3898f4101
1863,-1,-0.057627864872008105,0x129d24cfa6c9249269a5ea1ee7a89b8029e137b1
1987,-1,-0.02333385555925327,0x142800d85a668265a7e3429369473ebca87742a4
2000,-1,-0.02298306747406853,0x143adb5c506a61371c7a13afcb0382ae7577e9fc
2064,-1,-0.020499856816934225,0x14b381f4ebbd607202bf28b272b0a181a6248af0
2159,-1,-0.02298306747406853,0x159b6726f7662487b76e5972a4316cce73d5dbfd
2217,-1,-0.05532354320720445,0x1651a65f3f5e31411b32930f518bb12c49ea4e6b
2236,-1,-0.0018357287201444805,0x1689a089aa12d6cbbd88bc2755e4c192f8702000
2240,-1,-0.003258648314406032,0x16905697103cd4ad6a22193b242941b62f660bbc
2497,-1,-0.0013348001955414412,0x18e296053cbdf986196903e889b7dca7a73882f6
2600,-1,-0.02298306747406853,0x19cfeda1ef488ae8271cc551718f165b6086a7f8
2687,-1,-0.02298306747406853,0x1a8c6e23d1864d0fd22a2a2e06a785419117276d
2764,-1,-0.057627864872008105,0x1b3da9616e6133feeea0dd769858fb08d4d4cd04
2800,-1,-0.02298306747406853,0x1b9c05df9abba6ef8fba6f9212b923b4b41fcaa3
3445,-1,-0.057627864872008105,0x2271dba71b48c46197ae7cce89810382512c51c3
3457,-1,-0.02218593267300073,0x228bec415ade4b61d7caf0adf8c91eac587ba369
3610,-1,-0.003023937701971069,0x23cb5da4dedc158594a7f54a82c18a25b63ec761
3697,-1,-0.002554754612945298,0x24a7d048254fb7481379ae50412a5a70b19af977
3746,-1,-0.04637912417657719,0x25402335c9b315ebd684026f1e7d476fde546664
3764,-1,-0.07668887776106781,0x256ba19d77f3d2e17c5d24d8100d36338d007093
3815,-1,-0.024725220413163496,0x25eeacc89b13fd77958ce9558090b247978eeda3
3872,-1,-0.010525745074856707,0x265c7ea6318f6e89cd4b37909cf13f9aa2cb48c7
3945,-1,-0.003258648314406032,0x27000b5842077b40956369687bd88760e15d6a79
3977,-1,-0.05507122237595563,0x27586db22f34fa6cb93656ab21f5cdc05beaa8b6
3990,-1,-0.005046117813949813,0x276cdba3a39abf9cedba0f1948312c0681e6d5fd
4039,-1,-0.05532354320720445,0x27cfb59af13bd6da418892a8ae96c095189015bd
4202,-1,-0.00288149374237201,0x29502d3821b47b10eb6d91730d28354aa3e2bf64
4320,-1,-0.002554754612945298,0x2a9ff519298f90be75244f6eb0b0edb7af3c039b
4330,-1,-0.07668887776106781,0x2abe3fd3a8e3f7a15868a20daa696ff8371bc32a
4405,-1,-0.008263754191404127,0x2b6f863235e80d93100a43695d2f8dea9f756b42
4482,-1,-0.02298306747406853,0x2c3cee894f1ffa68ca6bfaa28433c52442802e93
4571,-1,-0.0027893064771014053,0x2d0237aa436812415783555f53d75eb0e53f8d6f
4616,-1,-0.02298306747406853,0x2d5df440fb1df6b7fee5b251b7f5c4ae47ac0f93
4885,-1,-0.010816053749277632,0x2fe1b45d9eab3a7fae32d931bd0ffac8b0b3f114
5063,-1,-0.014253171082209692,0x316fb96cbe2fb52dbe679d75b928fcfad858241b
5076,-1,-0.002554754612945298,0x31a1d3afbbe0da8944b3789fa634d0ec6c933497
5079,-1,-0.02351618167711711,0x31a7f6ab242ecab759f71db8bc86f3065754f5b4
5093,-1,-0.07486112769007736,0x31ce34f7fa2a42b27ff93e1ff0f8a24ab4c188f2
5104,-1,-0.04106969504776925,0x320623b8e4ff03373931769a31fc52a4e78b5d70
5189,-1,-0.003023937701971069,0x32c406c0c1ce51dc75ae7fba6287552acfb9d944
5305,-1,-0.02298306747406853,0x33acf9c4ba613760e020743fcce65b832534c236
5424,-1,-0.07486112769007736,0x34ec7879d43b561f227909443b249ac71f08e789
5431,-1,-0.07700237028275747,0x3506424f91fd33084466f402d5d97f05f8e3b4af
5466,-1,-0.057627864872008105,0x3564132e0228cbc212381f65f747155214103454
5480,-1,-0.07668887776106781,0x3586f5e1f9d985fc7a0fd5a9f5d1874f1689ef29
5496,-1,-0.07486112769007736,0x35bee9dbc61fbde1cc6fc59f602acfa127d449e8
5612,-1,-0.02298306747406853,0x36ad152a3a4473bf0fa1ca954b27eb41b242bd11
5627,-1,-0.07668887776106781,0x36d877ca4266a195c957bc5f23a561decfb94c43
5630,-1,-0.0230923547901678,0x36e36c2df35331a515b81d6dcdd2a957d91937af
5692,-1,-0.07668887776106781,0x378e06a87c2e3d05e687fdeea437484739e896be
5749,-1,-0.07486112769007736,0x381ee0963932eaa9f670e6de18f8a864414d206d
5862,-1,-0.07486112769007736,0x3949208b6c1f1230b42978dd7698e648f5e4dd19
5953,-1,-0.07486112769007736,0x3a252de41722211d702fe758c1543dd2e2c212fd
6032,-1,-0.00349343834126703,0x3af630e536ce06003b97683cb4f810b7ea0b3322
6041,-1,-0.002975270455075063,0x3b060d42a9234c602d633d54b75d00a8d19c7b71
6093,-1,-0.02298306747406853,0x3ba164dfd8f123b5c2e867f8e42fbf8abc53cb98
6125,-1,-0.07486112769007736,0x3bf7c44c67539c6b4a2a5466e8b72262fa805630
6134,-1,-0.007280883278962258,0x3c0e2d94897b5196471d4d860d1452496dc94b4f
6148,-1,-0.024725220413163496,0x3c3a81e81dc49a522a592e7622a7e711c06bf354
6173,-1,-0.07486112769007736,0x3c795d60bd0892ff031b4577f787f3109ba6bffa
6208,-1,-0.07668887776106781,0x3cc4d4654e02276fe983e05abf22c94460585bc4
6261,-1,-0.0013348001955414412,0x3d1d8a1d418220fd53c18744d44c182c46f47468
6265,-1,-0.07486112769007736,0x3d25c33f5f01fbc86138724389cbabce155dc204
6380,-1,-0.05026474466374464,0x3e6118da317f7a433031f03bb71ab870d87dd2dd
6381,-1,-0.07668887776106781,0x3e61b8d02c4eff53c7c43d8848a5a419d32a1031
6484,-1,-0.057627864872008105,0x3f62aba94086aca2480ded3e54ea7bc8176efbd5
6550,-1,-0.07486112769007736,0x3ff88db2aff8ddaeb7a7337deb87018c1f8aeb65
6581,-1,-0.006610607774663713,0x40386a2c10d9e900566836700f306e9a740a7632
6608,-1,-0.02448324903447474,0x408e41876cccdc0f92210600ef50372656052a38
6664,-1,-0.004134907174110136,0x4134f7af497aee7048085ca1059dc538cc9996ef
6832,-1,-0.002554754612945298,0x42c037c594eefeca741e9dd66af91e7ffd930872
6906,-1,-0.07486112769007736,0x4346a31a934504dc6ddb147be7e413341d65ffc9
6945,-1,-0.024725220413163496,0x43afc3f5df6aff9ec8bc6a47bfc5c4c2227a50e9
6962,-1,-0.02298306747406853,0x43dfa2956b03d701948444e7a0fca028a7f9ebe2
6969,-1,-0.07668887776106781,0x43ea66bc3135e45b73c3bf723d306a2fd3f7af1d
6991,-1,-0.002320282082660108,0x44407b806260df5dd503c72b544fccae1e036ab8
6997,-1,-0.005752541232243669,0x4457ee76a77a68dbb70c74ce22fec0b463b0ca4b
7054,-1,-0.07486112769007736,0x44c9c18bf3e4498b552396577add0179d0d73b21
7086,-1,-0.07668887776106781,0x4511df608fb1edee7848d4bebb3560e510c17cc5
7099,-1,-0.07486112769007736,0x4539a7c83ceefcadd13ed4e29e2026a72ca7dc47
7125,-1,-0.07726211152634666,0x4575f41308ec1483f3d399aa9a2826d74da13deb
7157,-1,-0.003023937701971069,0x45a74c8d85b0d532d39cc7d105eec4aef4ef9441
7232,-1,-0.001983078586926479,0x46705dfff24256421a05d056c29e81bdc09723b8
7309,-1,-0.07486112769007736,0x475b05ac2089b8caaca42cb560fec177bda6a435
7356,-1,-0.07668887776106781,0x47f3e3808dc6e1b50dca34f9c14c9fee6b13d546
7382,-1,-0.0230923547901678,0x482a42e47ac1af9e559df3d7e1d4dabde75c22d4
7444,-1,-0.011706613897135565,0x48c04ed5691981c42154c6167398f95e8f38a7ff
7479,-1,-0.02298306747406853,0x490c13c137386048802563cf8401d05c350bc2f1
7482,-1,-0.07668887776106781,0x491604c0fdf08347dd1fa4ee062a822a5dd06b5d
7536,-1,-0.07486112769007736,0x497fd054722edd10413d3245c1511279ce0052b0
7641,-1,-0.02298306747406853,0x4a5d94b9648581ef8700c6bae0f51404bc432b8a
7677,-1,-0.003258648314406032,0x4ad8d9cf9424b477e77a0d7c339c4de792b92fc6
7728,-1,-0.023999551779667283,0x4b5f49487ea7b3609b1ad05459be420548789f1f
7750,-1,-0.05582844101713924,0x4b90fbc457b407d1ad36bdc653c26e31320e7e2f
7782,-1,-0.07668887776106781,0x4bcd79d7d84655e4e3f15475c764a286c44c7b2a
7860,-1,-0.07486112769007736,0x4cb46b5de0e481df0f0e23f94baab24201294613
7866,-1,-0.04248399499245903,0x4cd00e387622c35bddb9b4c962c136462338bc31
7987,-1,-0.07486112769007736,0x4def5e31bc6cce82628beb022b7789e92cfe969e
8006,-1,-0.07726211152634666,0x4e15361fd6b4bb609fa63c81a2be19d873717870
8220,-1,-0.07486112769007736,0x5026d19ce819da35c06bf6ce5c7f52856a69b255
8241,-1,-0.057627864872008105,0x50553500f157e5c3b0bf4ddfd64dd8229492883d
8267,-1,-0.010525429224259808,0x509a23386f71564e549a673990db4c878df2592e
8281,-1,-0.003258648314406032,0x50be13b54f3eebbe415d20250598d81280e56772
8283,-1,-0.07486112769007736,0x50c0db0b8c35bad7b81124863ad83b21d1bbebee
8300,-1,-0.07486112769007736,0x50e97658b87fd2120ebc8d28200864bf831ddf65
8314,-1,-0.07486112769007736,0x510365d024030d72e26faa6a4b989e3fc8c9e334
8346,-1,-0.041310895831981,0x517058e32d735572e6d4c98477137d59331279b7
8362,-1,-0.00434041096660398,0x51b3e18ac3b1ad82f1b7dcfcecc3f1f87d5ba72b
8384,-1,-0.05532354320720445,0x51fc14d67e26b6a6461a40b88c48f454a570a11e
8507,-1,-0.006610607774663713,0x531f34da1e8145862f1dc011ec3abc38aafdbcc0
8541,-1,-0.057627864872008105,0x5395bfd68d78e05f6d58c06cefae6c5242f35ed2
8606,-1,-0.002554754612945298,0x544059d6eb3b9d5f7c8539d8bb068b99e8131a1f
8744,-1,-0.006445911967332907,0x559432e18b281731c054cd703d4b49872be4ed53
8818,-1,-0.057627864872008105,0x565da261d4d2bb58e021a0b5e9f7eaf0c286288f
8905,-1,-0.07486112769007736,0x571d4cc1bbfb86e88af5fb94143737513af61fa6
8957,-1,-0.07668887776106781,0x579cea1889991f68acc35ff5c3dd0621ff29b0c9
8983,-1,-0.07726211152634666,0x57e114b691db790c35207b2e685d4a43181e6061
9045,-1,-0.024725220413163496,0x585f91883726b9a99e2b7e698787e200a5a3f8a0
9067,-1,-0.04902453154777453,0x5899efea757e0dbd6d114b3375c23d7540f65fa4
9070,-1,-0.07726211152634666,0x589f970e3c8d7e00b38112fcb01fa879d4061a67
9096,-1,-0.04612982866933257,0x58d6a78c0d986d6bc6a3190ee275bfd6ab8a8f15
9105,-1,-0.07486112769007736,0x58e42a524b501d5511b4f24fc0dc0ac133352127
9133,-1,-0.02298306747406853,0x593ee584ab8f3358139b0e07199b08072e14c571
9172,-1,-0.07486112769007736,0x59a3255b9694408d995d8bfa99b1af6e45406135
9273,-1,-0.07778185769390988,0x5a98fcbea516cf06857215779fd812ca3bef1b32
9313,-1,-0.07668887776106781,0x5b1e77655bb5dfa71d6cb8392a86e2d10d077b25
9323,-1,-0.011576382979640032,0x5b569fe56da606e724861b3f029b27019d4d0fc7
9336,-1,-0.023999551779667283,0x5b7533812759b45c2b44c19e320ba2cd2681b542
9342,-1,-0.07486112769007736,0x5b88087a8a5ec8a6454db7841250f77750f24956
9352,-1,-0.07486112769007736,0x5b992e1db90c2e80823de1584dc37fde5795a9ee
9420,-1,-0.07486112769007736,0x5c337e912010229bf26c6032a9570e7be33c2242
9493,-1,-0.07486112769007736,0x5ce60228872f5afb97339674d79f4f1942ed676b
9497,-1,-0.023999551779667283,0x5cf04716ba20127f1e2297addcf4b5035000c9eb
9597,-1,-0.003023937701971069,0x5e078724d3f2ee6279fea55cfd7897a2971a8158
9656,-1,-0.07486112769007736,0x5e85ccbeedb38a7ae47051e104b713ece4c56e5a
9758,-1,-0.07486112769007736,0x5fd184e2195c8de44ae4994d190243b77ef79cac
9771,-1,-0.003796566108559385,0x5fe71a7f69f89e007dd3df1b84c5dce01d008bff
9787,-1,-0.010296301630307814,0x602b9bb14066089ddf1203906d10b146c6877677
9825,-1,-0.0020858888594124103,0x60a068ae21be0cc3120d58519470c75d8890ed73
9880,-1,-0.02298306747406853,0x611a761949a94d2967bef2d02d376547aab8d5bd
9903,-1,-0.00500407307888695,0x615e1000184ae78d3e38a995ac252aa080afbb9a
9946,-1,-0.07486112769007736,0x61d99febe737ee6b77fb8c07dcc35a8b599ce855
10100,-1,-0.010525429224259808,0x6358b988558cc2a65d781b5e314c0b300c904631
10412,-1,-0.010816053749277632,0x66ac3962015cf5ab2398429392a39581852f306a
10475,-1,-0.07486112769007736,0x673f34aa876503f9be84cb73e82e47ed70bc2d7f
10493,-1,-0.07668887776106781,0x67615c1b2746caf1327697464b9de3074d47448a
10498,-1,-0.07486112769007736,0x676ec1e5464dd669a1a52a083a598bdabf6af51d
10673,-1,-0.002320282082660108,0x6926b565624086189e32b8a315e99a204a2d1786
10796,-1,-0.004134907174110136,0x6a48ff59d2f0954e2b35cd50352a7c9412cf76ee
10810,-1,-0.009867467959315035,0x6a663de2a69b0a41d9fdc61a96611c7f80170418
10906,-1,-0.05532354320720445,0x6b5e838e2b15aee68eb41f509101f956c4f2811f
10911,-1,-0.02298306747406853,0x6b72682342af31f3828f1af3b05fafaee3eef13f
11010,-1,-0.02351618167711711,0x6c5ba91642f10282b576d91922ae6448c9d52f4e
11048,-1,-0.024725220413163496,0x6cd33395616ea3fcba3ccd6a89e93145a463a18b
11052,-1,-0.006610607774663713,0x6cdb7776f6a20b9ed4441b791e9541a6fc04e313
11096,-1,-0.02298306747406853,0x6d5a4291f09fbdac6b1ec63366fd117282f5a8fe
11102,-1,-0.07486112769007736,0x6d6b76aec9aa130cdd69fb1dc4922078932398f2
11138,-1,-0.030924954700146334,0x6dc31052263df10ef90fba2342c54e6bcd65cb6a
11182,-1,-0.07668887776106781,0x6e1a40fb675dd190d0e4fcf570fcf84f96d9ca5f
11199,-1,-0.0230923547901678,0x6e3437ea0de481f703038f3aa3cbb7d362a99a9b
11201,-1,-0.006610607774663713,0x6e351029c6d597ba3b9d56d0322bab7873f99a9b
11206,-1,-0.006610607774663713,0x6e35a0d987bdfa85ca6a65841e73eda873f99a9b
11306,-1,-0.07486112769007736,0x6f3cb136ff238d466de0fd4b736a4b0072aeab96
11307,-1,-0.002271664202099344,0x6f42b25b83bb4f2f388188895753ce930328fdf7
11395,-1,-0.07486112769007736,0x7024c5129db9bdfc57b9ca930095974c340b3160
11406,-1,-0.012930741464843742,0x7046c98f18d4a7c7bcaa82ae652ecbf14cbab017
11422,-1,-0.017613043823445307,0x7078d8779529a52e77571342e2eb9af3c5bf4526
11563,-1,-0.0027893064771014053,0x7206db993b17334def420f3b0965b771336fb317
11583,-1,-0.07486112769007736,0x7242f2a67ba523d0884fa8ce0f574131db56dbd3
11609,-1,-0.005516987095586234,0x7295f9abdfe24b2421213c60294e56b0b71b8d61
11753,-1,-0.0011602662649420337,0x741c92b3ab24130d51bb5ec2110266e98e393ac4
11793,-1,-0.057627864872008105,0x746b98d64d7f9a0219c067bcd833a0ef2dead71f
11860,-1,-0.07486112769007736,0x75304963dc8bcf252b143d802c97c40f47e8adc3
11880,-1,-0.05532354320720445,0x755fce645477eb468769c6e08278edeb054551e8
11974,-1,-0.00288149374237201,0x76530e950c6fe3ae16d9fd4a21075613c19a80f1
11975,-1,-0.0027429537132982462,0x7656ac5bb16d23a6ea211d0194687da2159a80f1
12017,-1,-0.07668887776106781,0x769c9bba8dce6babc3c4959e193f042ab7468e54
12031,-1,-0.00731861976767334,0x76d488970244c2e5e75599dae1ad1f785f576cf2
12064,-1,-0.028680838289945387,0x7718af49ef1f4dddc8c0f6d35ab21ff46d90b756
12194,-1,-0.004134907174110136,0x7841f1833fc4088cabf2e50b407dcea7050156a1
12292,-1,-0.0007012996173276775,0x7968ef935c0e284f6812f198e34c66f8094b757b
12379,-1,-0.001279926863442582,0x7a250d5630b4cf539739df2c5dacb4c659f2488d
12387,-1,-0.07486112769007736,0x7a39b04201158314ab37754db33447184a233c76
12401,-1,-0.02298306747406853,0x7a7cba434ef554c0a27646e820738dcd9e847c1d
12631,-1,-0.07668887776106781,0x7d087a866af3b6a23cd40470b9fa3873ababe420
12685,-1,-0.07668887776106781,0x7da81916929372dc446b53eda6e7641b8d7be511
12686,-1,-0.07486112769007736,0x7da87bd032959d81bf24eb1cccbad01a512c397c
12697,-1,-0.004134907174110136,0x7dbc62f4979f93cb9c2e8e9c80132a220aa03156
12809,-1,-0.040568403275533904,0x7ee19ca32fdccf5328bdaae675ef3102b45d8652
12851,-1,-0.02965489904984897,0x7f5488c507ab3b0cf18c9d0b10b1decb723cef3d
12921,-1,-0.07486112769007736,0x7ff6f6e71ee8f1ff555becd37f8db7c23f7b8682
12947,-1,-0.07486112769007736,0x80305f734091ab4957a9cdc95e789127cba9f83b
13089,-1,-0.028680838289945387,0x8168829a4d596b3cec0cf55cd95bde95437c3772
13229,-1,-0.016942965494191387,0x82b3e30d22ac5a9002e9f30f15429e9617f06ee6
13259,-1,-0.07668887776106781,0x82e1b0d38011276c2fd0be286dbddc36320bf7e7
13263,-1,-0.057627864872008105,0x82ea35c0b2d42989d0a83d76a099e7e3f4684856
13282,-1,-0.07486112769007736,0x83157aed6a689b3b131d2dadc54fd675892ad837
13464,-1,-0.011282536903404528,0x8537948bed808d2a691635de709535b2f2d33e26
13486,-1,-0.006610607774663713,0x856b6042a7392e52aff2b241b48419b91a0641d9
13565,-1,-0.00731861976767334,0x863592eeba98f317e8c242432b87408b7fc5ace3
13593,-1,-0.028680838289945387,0x865c049e5736d57643eb7b5001406d14ebc72282
13642,-1,-0.07486112769007736,0x86d5d962bfc43b0caae51c51fc7b55ddbe00461d
13661,-1,-0.022230003391573327,0x87025056e409b8d4e62d707219798f3fc53bf76f
13684,-1,-0.02298306747406853,0x874ee5d3c65dc742e58a7effebdea988a96404c2
13806,-1,-0.02298306747406853,0x888888848b652b3e3a0f34c96e00eec0f3a23f72
13932,-1,-0.02298306747406853,0x89e3b84542ea2b123f2f217a0e9a47f70e46f5af
14025,-1,-0.028680838289945387,0x8aa588f679d40f550448c8448d4c0e0fc1b39af2
14146,-1,-0.028680838289945387,0x8be4d6f7dff16c6ff5cabf742d5d98c2286e1dae
14233,-1,-0.07668887776106781,0x8cf59861d74e73d0b44c5b16324cc4dd32b1a20a
14547,-1,-0.010816053749277632,0x8fed85795ae4405e1720074566d3f35dd8353435
14579,-1,-0.05557594941130373,0x90263f7fface15eaac0350ca7f091290bf336c5d
14592,-1,-0.027474923026841735,0x9042393b830d0564e80296af4fa0328222e81c1e
14593,-1,-0.07726211152634666,0x904567252d8f48555b7447c67dca23f0372e16be
14626,-1,-0.07486112769007736,0x90a88898f2deeca58cc30acc338b9c393c4018d2
14633,-1,-0.024725220413163496,0x90b481178202aa07f97d9ef8a0f8651d1f139127
14639,-1,-0.07486112769007736,0x90c0c695d0a19ca90bc55ec8190e3d41aea0dd33
14673,-1,-0.04612982866933257,0x9121368f79f0235d43fa53f4f229e79c8893e20f
14677,-1,-0.07726211152634666,0x912d58de9d0c4f6a72c72234f4e5fa40149c84f6
14727,-1,-0.003023937701971069,0x91c591a9c4f284d59fcad012a6a240fd49541797
14735,-1,-0.003023937701971069,0x91d8ce59bdf63af3ad14525723a68d92a292a0c9
14753,-1,-0.028680838289945387,0x920b9448b675ee843d7f0db129cf12de671888c5
14880,-1,-0.00023368746194885048,0x935d2e470284fb536227a76a723f96a94efae6a9
14961,-1,-0.07804186267736479,0x940a2db1b7008b6c776d4faaca729d6d4a4aa551
15006,-1,-0.0013348001955414412,0x94902498e6a92327c17479c48cb3673c2de9380f
15032,-1,-0.07668887776106781,0x94d694f6b252e7a471762a0f40539b76336c41bf
15046,-1,-0.028680838289945387,0x94f64856e55ab61447f22f90e49ebef60d39b9a1
15106,-1,-0.0013348001955414412,0x95b564f3b3bae3f206aa418667ba000afafacc8a
15196,-1,-0.008612357143427785,0x96ab5a8d7d5ad4015bba7db1e157d4741c922434
15239,-1,-0.006602855516523176,0x9723b6d608d4841eb4ab131687a5d4764eb30138
15248,-1,-0.003023937701971069,0x973a3f6b6944ac9410514eb4b82561ea5f202add
15315,-1,-0.04837652720538943,0x97dad5318c80e208ce5c29fc243cf15e89142192
15336,-1,-0.02298306747406853,0x980c77f8fa1726607dea709dbc5547528306929d
15375,-1,-0.07668887776106781,0x986b538cf56ec13418018c09ed7d1641adc3a411
15449,-1,-0.07668887776106781,0x990cc19a2c0434dc122fa253c6aace06f06781d5
15456,-1,-0.07486112769007736,0x99251812b8f0ea96696e2dcd9cda7779ee1078a9
15576,-1,-0.07486112769007736,0x9a3fde695cc6487837ce0e2dbd04a505475605c9
15600,-1,-0.07668887776106781,0x9a6aafe6e8001bff2f027fc82f73f0ce22d99ef6
15683,-1,-0.041310895831981,0x9b218f845395230dfb0d558f4a7e4fb0be65afb9
15762,-1,-0.07668887776106781,0x9bfc1707a56e9f36b4ad00cd2903073de00d635d
15767,-1,-0.003023937701971069,0x9c0d2305495676eda3f86bbb6f070a5578118ce8
15791,-1,-0.02298306747406853,0x9c3ee3c7e74630d182f6365d00df7e3a2a3703ad
15891,-1,-0.05582844101713924,0x9d411fdfa5076e967f5989000fb5bbf0f8cf0c49
15906,-1,-0.02965489904984897,0x9d71ce49ab8a0e6d2a1e7bfb89374c9392fd6804
15943,-1,-0.07486112769007736,0x9db815ffd5f3a2c0ca7951427a7e85cae34f9bdf
15962,-1,-0.07486112769007736,0x9deda1a897c822b7b4387eda5402d70198c2bd9c
15982,-1,-0.002975270455075063,0x9e2a58d257963a276452fff1be94c0eb7e2775cc
15984,-1,-0.010816053749277632,0x9e2f5e789db66bea222d816b5dd1dc67372775cc
15989,-1,-0.0006523741959784113,0x9e424ac2ff354dc49df2be70cb52c95d5dc6e5cb
16000,-1,-0.05582844101713924,0x9e64ea4e67371de7ea8039c6f992f3029836cf4d
16004,-1,-0.07486112769007736,0x9e6aa42b8a0c1ced42c8593f0597b60cd566f2ab
16009,-1,-0.02298306747406853,0x9e7afb032b96b8614ba4d19489f51a286343b9c9
16054,-1,-0.07668887776106781,0x9ee7f51b14d8481f2d6e388af1240b54fc8751cf
16155,-1,-0.057627864872008105,0x9fd3f6b2a5642ae88dd7d1fe667d00273aef7793
16183,-1,-0.07486112769007736,0xa01c2013b235968dedf87bb1ecd937ce30e0cde8
16204,-1,-0.004549316965019368,0xa0511541835adc1f8e2c80ff57f54b7ae081ffde
16233,-1,-0.07486112769007736,0xa0b0e5c81d64a8168d6915af1373be288e70bb6c
16249,-1,-0.030924954700146334,0xa0cac57acf9f2f2fbe34801f707fbd5c54039bc9
16287,-1,-0.007280883278962258,0xa12c479146c73bfad79e42bdace99b4bf5eaf1b6
16299,-1,-0.003258648314406032,0xa13dcee93c47ea01e9ee43b0487fb26273522344
16315,-1,-0.07486112769007736,0xa1608bc996f5db9ded6c90018ae921a4a4aa9cec
16348,-1,-0.028680838289945387,0xa1da6e1872d4312915423e1cb827b6277c730528
16352,-1,-0.04637912417657719,0xa1ea362887fc0ddb88ec1a464466dccf3ff2a075
16388,-1,-0.049877092291656044,0xa24787320ede4cc19d800bf87b41ab9539c4da9d
16437,-1,-0.057627864872008105,0xa2bfc556c2f08ce3fb0698c3f7b1617fb22b3600
16504,-1,-0.05532354320720445,0xa37862c06e2266f01262b86abd2f23ed8d83e5d4
16512,-1,-0.0006523741959784113,0xa3886cf5c68096a5cc66fa4fc434d6bc6142c5a4
16617,-1,-0.04712751690786454,0xa4aa5bab4f51d2da5a822f58db8b728f2e90b657
16643,-1,-0.04418390169243491,0xa4e5961b58dbe487639929643dcb1dc3848daf5e
16671,-1,-0.030924954700146334,0xa542b59486a23f54646100bc30e966966ee16bcb
16696,-1,-0.028680838289945387,0xa57347a6b47cb22a9c63f9e42ab23242e6aed5ec
16739,-1,-0.07668887776106781,0xa5e5c34e9439a4f2d3d757335a49f99567ff8fd8
16776,-1,-0.02298306747406853,0xa631a53556ac54b357b8b15e62e1b274fa55ecc9
16781,-1,-0.07668887776106781,0xa64811f796bb1602feea1f196c25adcf0dc89bc3
16845,-1,-0.07486112769007736,0xa6e7376c697e0af401917c023891c61f4add4123
16889,-1,-0.02333385555925327,0xa764b83d916b0432e5f1893982cf65d67d104fd5
16916,-1,-0.07486112769007736,0xa7b679ed8adee98537829a7f352d05d6369e3b52
16942,-1,-0.00349343834126703,0xa7e71acd474ffad6b9f40540c5edd3b4b45dfbc9
16971,-1,-0.002554754612945298,0xa832f8348cd19c6b663e97bef1e04878d9454afd
16975,-1,-0.07668887776106781,0xa8427a37c40434de246d404b59e808e5820c25c8
17087,-1,-0.07486112769007736,0xa96cbf0cc46b2510f3b734f5b8e64914e64a57cf
17100,-1,-0.028680838289945387,0xa994e7e790809f71fb3c788202c91ed420cb04b2
17111,-1,-0.003023937701971069,0xa9b0dffc0b28f3452101ee68ecbddd6c70c50db8
17133,-1,-0.07486112769007736,0xa9d9ee9b1c3fbcd4e80ddaae09fa7e1b4f247125
17201,-1,-0.00528151263180443,0xaa8ba7d4611437141192e7ceced531bc0a133efb
17349,-1,-0.003023937701971069,0xabdaae74d8d5fe2007445337504af6d7e81527b7
17457,-1,-0.028680838289945387,0xacb57c90062a5889771430266a186273c909b9e1
17495,-1,-0.07668887776106781,0xad1376696408c4d7841f32b9343d524c864f95f9
17502,-1,-0.011282536903404528,0xad2ce45ad2b3266aacae180403a3650fe99d3e27
17542,-1,-0.07486112769007736,0xad8e2050da9d53bd8ef2f336a6a0919d08999b71
17612,-1,-0.028680838289945387,0xae14c303f6f16bd225a8bcf825bb70c79bb5f8fe
17678,-1,-0.07486112769007736,0xae98a449c50ad301c9dfd5da0d52f270dcd3c431
17703,-1,-0.028680838289945387,0xaee04119ace999d7482217d5ae61a79328ae13e6
17717,-1,-0.028680838289945387,0xaf18908d3b8c1a8b497c01caad56a2880e5239f2
17726,-1,-0.04762686752220058,0xaf2abb56a28c2defdeba7461f8c409b324cb8638
17741,-1,-0.028680838289945387,0xaf4dce16da2877f8c9e00544c93b62ac40631f16
17763,-1,-0.07668887776106781,0xaf76a58a03950adf27aae101eb46721aa9523f7b
17867,-1,-0.03434253359948003,0xb09155205ed3f1d5c974a4f2f8ccce798175571c
17878,-1,-0.028680838289945387,0xb0a523d95691f525663989f2e958a7e7ce0cfe40
17909,-1,-0.028680838289945387,0xb0f026a67c66c931ae55c1c00fa22c9e004037f0
17916,-1,-0.006122576523283629,0xb10805e0c045880fbe990a21dd42f26d33f06ac0
18128,-1,-0.04762686752220058,0xb2e6c57d05efdbd44058b08a7bd5e5ddc2517309
18177,-1,-0.028680838289945387,0xb3813a647098bf51e8e1bc944c1ede425a550fca
18183,-1,-0.0006523741959784113,0xb3986cbd312b4038c5be98832bacdd26c9fa8b27
18398,-1,-0.07486112769007736,0xb5a40f760d9a72fd19eb0b0e78280c2aa44b3e93
18425,-1,-0.003258648314406032,0xb5e1b5d412e0da45ee3443cc190f2b9891558444
18448,-1,-0.02298306747406853,0xb625da3121f05fc32454c772ea89a07b35a140c1
18471,-1,-0.028680838289945387,0xb6739d77cbea47bb1c09a6acedbdef66d6f87489
18520,-1,-0.0006523741959784113,0xb6d99a967690c753ca5022d707d372354a7ef7ec
18524,-1,-0.07668887776106781,0xb6e14de5558172ffe0eeb65a9c4a680308a1c2ed
18527,-1,-0.07486112769007736,0xb6e86547e6b017cf25c0ad99f6f36e5caa90c4cd
18540,-1,-0.07486112769007736,0xb70e9d52e404e253c410fa9c4f823c4214999bf9
18552,-1,-0.04698311779053088,0xb72e76ccf005313868db7b48070901a44629da98
18567,-1,-0.028680838289945387,0xb758b8b314d2749fe2f6c07295eaba66d1c999da
18611,-1,-0.07486112769007736,0xb7b57bc6e0bbade812520486e07a763787c81904
18724,-1,-0.002554754612945298,0xb8df3ed6b5499d6281524434e1612613e6f9fe87
18728,-1,-0.007468051761708505,0xb8e2e2101ed11e9138803cd3e06e16dd19910647
18759,-1,-0.028680838289945387,0xb92c73fd128122568254822334c995cb16549281
18786,-1,-0.003023937701971069,0xb973ae19078876df7a6f23071644b257da8f135c
18849,-1,-0.0006523741959784113,0xba1995bc8c12e4e3d60e505adec19a5484fea058
18911,-1,-0.0027429537132982462,0xbaa67174531f0c031f91a373f6788c7e821af2c5
18931,-1,-0.030924954700146334,0xbad3f323823a6bb8ad64e3aec4dd99ca8e2dcecf
18932,-1,-0.00288149374237201,0xbad5eb6068478568d2728aec857389cb0c35c5fb
18991,-1,-0.07668887776106781,0xbb646d3306403331c62df6caff3b4d402ff467a9
19059,-1,-0.030924954700146334,0xbc09a458b94572e4531e972c3cdc3552a44199e0
19089,-1,-0.024725220413163496,0xbc5d4ea115a3fb162e8824352ea47d4c54f42782
19106,-1,-0.0006523741959784113,0xbc7ff471686e03cf0a8a2a8232ca5ced7e14706e
19220,-1,-0.02298306747406853,0xbd7c52eb630f72a748320fd1d2bd279b5fa0481e
19287,-1,-0.07486112769007736,0xbe0e23e3fa6732def6820045b743e4b2360fc7a4
19318,-1,-0.07668887776106781,0xbe576247453646fd3588b4bc54261f149ab9ea3e
19325,-1,-0.05582844101713924,0xbe68c7da7a9bec6bbc431dc2ba41ea86dcfd7b5f
19466,-1,-0.018848465246744217,0xbf94f0ac752c739f623c463b5210a7fb2cbb420b
19494,-1,-0.05532354320720445,0xbfdc6b2b23cdaabd34ec7758e7ee0fbcfec1e1b2
19521,-1,-0.07486112769007736,0xc031b7ec84a0576ecde31e3aa7e2aabe6922778a
19580,-1,-0.07668887776106781,0xc0d5808e4951d23fa1412de1c848886b442b4530
19591,-1,-0.07486112769007736,0xc0f0261a896102b79a926f44a19657846cf8c171
19598,-1,-0.020499856816934225,0xc0ff347e8cd2d44a0523fc0e58e44bb5cc7d740a
19636,-1,-0.07668887776106781,0xc1785bb102f6e9117f42db1c656425d17f794cd5
19734,-1,-0.003258648314406032,0xc29b88e9edae0a072feaf29c0022fd60caf456af
19752,-1,-0.028680838289945387,0xc2e03d47a2d041d49aaffd68273a72664e8e641b
19771,-1,-0.04563149058842575,0xc3200231ad1cd37df535f68e90655a4d3929d476
19775,-1,-0.04563149058842575,0xc32939523e85e8d73c61d3ee22377681c3577478
19805,-1,-0.07486112769007736,0xc375b88b4d628c81e6cc3d6e4804faabf5cbb6f9
19889,-1,-0.07486112769007736,0xc46203b35cf12004ce36fbbd0308d36aea59f3c9
19891,-1,-0.03750933044348104,0xc46c0beb35fc7fa7c078baa62b16cf8b2a9ac9e1
19899,-1,-0.030924954700146334,0xc481b00c7e8e3c3d6d6e3acc2c278a6656ac4690
19920,-1,-0.0039269959558080325,0xc4ba7ebffda45101c7b53fcd25a2ba37015fe00f
19940,-1,-0.07700237028275747,0xc4f417d6ef20aeabaea1ffc1ab5c8f8e519e2046
19952,-1,-0.04698311779053088,0xc5102fe9359fd9a28f877a67e36b0f050d81a3cc
19981,-1,-0.02298306747406853,0xc56141c39ef1a48286536205e6320c168ae201b2
19983,-1,-0.07486112769007736,0xc57f1b06715586687f9f99b4a3581d803536d847
19987,-1,-0.00288149374237201,0xc58bb74606b73c5043b75d7aa25ebe1d5d4e7c72
20024,-1,-0.003023937701971069,0xc5e84b9caf35c7f078699abef5e50caa56961424
20030,-1,-0.07668887776106781,0xc605d17a1f4270ae3874dc5adb0c957643c0dad3
20057,-1,-0.07848960120409643,0xc65b4fcbfeb74d0d6e11a6313314d4c5bbb64011
20097,-1,-0.0006523741959784113,0xc6b892da24bab1d4c9ad86fdbd958443dd2f8d8c
20167,-1,-0.05431477183059896,0xc77ad0a71008d7094a62cfbd250a2eb2afdf2776
20229,-1,-0.07843563951608867,0xc821d3d24c27c713a9e2758086bd29b23f7381e2
20233,-1,-0.0027893064771014053,0xc82c366d6a2ea2ffaa80463f928450c881afb575
20277,-1,-0.02351618167711711,0xc8aed7b2f3496946583009a67ba8fca183a37590
20300,-1,-0.002975270455075063,0xc8dae2e849a37ea9f905e7c3282c959ddaab12f8
20305,-1,-0.07848960120409643,0xc8e24374445a2e22ce0a94c6973779a8c00cd8c6
20322,-1,-0.07486112769007736,0xc9157aa70127e36be3bf25318534754bf8b69144
20346,-1,-0.07486112769007736,0xc935fb2d21873ba995d85dbbb79657683bdfffbf
20352,-1,-0.0058955695694722365,0xc94ebb328ac25b95db0e0aa968371885fa516215
20453,-1,-0.054641527723677585,0xca556ac4f37fa2ea83551accef040526517c05b8
20467,-1,-0.005752541232243669,0xca7b7e6322abd9cb716a57b4c927504dae55ec73
20480,-1,-0.054641527723677585,0xcac09a2807b8c9b7247e79929837fc53efc0f341
20500,-1,-0.07486112769007736,0xcaec229d85fb0c284ef974762732567b94a9f603
20522,-1,-0.05532354320720445,0xcb1175c1945991980c4bf4ca3e07aa7ea653f32a
20533,-1,-0.07843563951608867,0xcb28ca43f7a15938aac90b989ca2e8afde4923c9
20541,-1,-0.0006523741959784113,0xcb469cf152dd43efa2fe2045e9d5a479e3cd6ad6
20554,-1,-0.036688410769733615,0xcb65f4dabde8d15bd89f0dcbab750276bdb48903
20609,-1,-0.011282536903404528,0xcbef8066e6938a21db648ba02334516ab1a83800
20647,-1,-0.009867467959315035,0xcc71e8735e03de45aad4878ceb31b1853e1c6d05
20649,-1,-0.07668887776106781,0xcc73e040f705cc924b8fb6fa28b4dfa48be06ea2
20720,-1,-0.04621610569944412,0xcd22c34097317469acbd75d29e9ef03b057ed6f6
20721,-1,-0.003023937701971069,0xcd2bb3386248ae1ef28508690088443bc0103c09
20722,-1,-0.05532354320720445,0xcd2bb7c3f41cd153554ba97584279cc4f210d9a5
20750,-1,-0.07486112769007736,0xcd5d290208c2a7c879203ac4a6aa21ee5e01a1ef
20795,-1,-0.07668887776106781,0xcdc19f81df469017ccef1a96f5b4a72453630f67
20822,-1,-0.07668887776106781,0xce01d6871443ae56550b318c6b4e39fe6147d019
20846,-1,-0.01129446948263968,0xce5f7a53dc8658b43cc8f412e58f4da2067d74ef
20984,-1,-0.003023937701971069,0xd0062ec2b84e49c40fcbe998c3f4a3245b342c66
21030,-1,-0.02298306747406853,0xd084b83c305dafd76ae3e1b4e1f1fe2ecccb3988
21044,-1,-0.003728307809424125,0xd0ad3b9de2ad6249c0b1b271344cbb8a0a4bdf69
21105,-1,-0.07848960120409643,0xd142fdf870e29ed8c91793fdb7c3fdbd41ecf127
21130,-1,-0.07668887776106781,0xd18e93590553818311ecc37ab65b70406e4a5cc6
21162,-1,-0.07668887776106781,0xd1e8b4938395fda87c3068eb8f7303ba9ffcfe02
21166,-1,-0.02030326621732581,0xd2087deefe006d40998e2339034f4dce0124af3e
21184,-1,-0.07486112769007736,0xd2508797a419a5ad2578ed5d81ff3fcd4c2abe99
21215,-1,-0.003023937701971069,0xd29fa482e8e3bef0d77d958fbf8319f67f386428
21243,-1,-0.028680838289945387,0xd2dd9ae2efdcf2ac638a5865b0b76790ed62a97e
21278,-1,-0.0006523741959784113,0xd330e68fbcffc9d2b6681db73bf4bb016d0758cc
21279,-1,-0.07668887776106781,0xd33526068d116ce69f19a9ee46f0bd304f21a51f
21346,-1,-0.07848960120409643,0xd410add18e608ef10637e3e6558de75969b051ac
21355,-1,-0.07486112769007736,0xd4305340196c548c4f39131b66ac776a55b7178e
21388,-1,-0.05532354320720445,0xd47ce23d617f8645a897b6c8c0b59500aa04470b
21446,-1,-0.030924954700146334,0xd5136d8b8a1a50504800aeaa0d77e73e8aa21ec4
21651,-1,-0.07486112769007736,0xd7437a1f721b4d3a503c3ca8afd4846b3c766d21
21733,-1,-0.04158335518714884,0xd858706ce99032609236fd6853f9ad89443742fe
21748,-1,-0.07486112769007736,0xd878d93b7d8c275739379eb46f2cc46896e22055
21824,-1,-0.028680838289945387,0xd9344439c0d6cded3a2b764eabd860a0837fb8e4
21871,-1,-0.07848960120409643,0xd9a1e6cc8dabb59aa78e085d0722019fbb76ecb0
21886,-1,-0.0006923436840370334,0xd9ded2ca5d30cd548cfa4b9395c74d04d6a8d2f8
21908,-1,-0.0006523741959784113,0xda195047a65ee83bf745499eefafe9f9cabe7b28
21926,-1,-0.017613043823445307,0xda53b14eaa8a4a1474df6ae7648e6848653e0896
21939,-1,-0.05582844101713924,0xda77a03039ff8bd6dd71ed29400975dc4f2e6c82
22023,-1,-0.07486112769007736,0xdb4b05084bae193ce82841deac3c7ff232938e95
22092,-1,-0.028680838289945387,0xdbf5724af2d04acf6cafdeec2e738d3d505a4be5
22141,-1,-0.07843563951608867,0xdc67a5551381317219c307b9a2e5206f01b4b3c6
22179,-1,-0.028680838289945387,0xdcacef27cf9749286d096d35b30c38c4ad29fcc6
22185,-1,-0.07486112769007736,0xdcbcdab4b013be3576294d977d9a0da58a117bed
22217,-1,-0.05532354320720445,0xdd1c06a20338eb7ee164a9787e19a92039af7a0f
22249,-1,-0.07486112769007736,0xdd693d5e409ed08004166c44d0bbba00d8aef3dd
22295,-1,-0.07486112769007736,0xde00d213cc0225df2d775563077d36580f2c7d9a
22315,-1,-0.07848960120409643,0xde3c898cf1368e595b0f091ac6cf507299721267
22344,-1,-0.07486112769007736,0xde8ce3b3e60ae7dd7525f9a17c75aa206348eb7a
22352,-1,-0.04637912417657719,0xdea80734166cb003281809b9eae20a411798ca0e
22394,-1,-0.07486112769007736,0xdef72da45e050d3951f4ea8be4b5d90b5229112f
22439,-1,-0.036688410769733615,0xdf6af8a2fae52baab3b50e30f4309a186e274ad6
22458,-1,-0.028680838289945387,0xdfa2eeb6495bc5a020c24861e97f9cda9e2cf644
22461,-1,-0.07848960120409643,0xdfab0bcd64ffcd6450b13e32c35df54de25880f4
22475,-1,-0.01578456380505,0xdfd5293d8e347dfe59e90efd55b2956a1343963d
22538,-1,-0.07848960120409643,0xe0acd99d3c3f67597012b7b8c3dd3ec0a0012736
22646,-1,-0.07486112769007736,0xe1eee021ff2553f3e4f649416bfbefff3ea6c300
22671,-1,-0.02218593267300073,0xe24e637f5c1763fe7e9b5b079fbdc198126df26f
22718,-1,-0.02298306747406853,0xe2dfaa7bc78b3355cdea633e354ce3da1f27fd80
22720,-1,-0.0013806316403349728,0xe2e6dd3ce474dc2742ac53115d7a20f5480f46b0
22749,-1,-0.07486112769007736,0xe3390bb4d7078f3dbb71c3bf952d067bccd2abe6
22880,-1,-0.07486112769007736,0xe47cb0f4d2845fb85dd6ec5245ed177108433f15
22997,-1,-0.07486112769007736,0xe582342e59f73442d3293452754f44d6c67e8dd1
23075,-1,-0.07486112769007736,0xe625f8dd75ae4ba5ef01d3ca9999f8fd8f26bd98
23262,-1,-0.07668887776106781,0xe8327c75f5c495b63fa9da6137a3f03412d62c8c
23279,-1,-0.07828339200037682,0xe857c681b8ee182e71c6f484e218716c5f3a5dd4
23289,-1,-0.0457167796954393,0xe86d71e2e75ce99394968850a83d4856dc063fa5
23296,-1,-0.07486112769007736,0xe87fb66a5c9f0ec595ec41a77617f7ae1305c58f
23336,-1,-0.07843563951608867,0xe8d68135b75a81424597fb7ff7f65a15b4ef7d4a
23381,-1,-0.04712751690786454,0xe9712a06639df1a9d5364629697ddefdc42ab59a
23431,-1,-0.07668887776106781,0xe9e24f7089c76090e8a305b0c2390768be335fa1
23466,-1,-0.02298306747406853,0xea40c3ca6d00ed24e6fff85b559578380a7ce6d0
23582,-1,-0.07848960120409643,0xeb871b6588497d3196619edc1e4d0f0e75fc6169
23602,-1,-0.028680838289945387,0xebb4c78dd50488d02586726595e5bd4fa206f235
23662,-1,-0.07822944477937877,0xec37fcb18878c569131b4f941c3da7ae455278a7
23779,-1,-0.04158335518714884,0xed983402d709c9d908ece8e1a64938d0019c9a7d
23784,-1,-0.07828339200037682,0xeda68dd0f0665dbfd9f3271e9051fb128168e0ad
23857,-1,-0.023560334635690072,0xee7ae85f2fe2239e27d9c1e23fffe168d63b4055
23859,-1,-0.030924954700146334,0xee7c73e301dd8f84172dd27b678a1a59aff81505
23880,-1,-0.07486112769007736,0xeeba8a24d7844803cbd14b5c9d9606f4893a71d7
23883,-1,-0.030924954700146334,0xeec1bee2485f6a0c3bf9aa9cffd41674e49447b7
23945,-1,-0.07486112769007736,0xef79c318b81a2b1afc6953a81e337bf28621f41d
23964,-1,-0.05582844101713924,0xefb4896d37d62c686fbf2d9535988538b226c007
24005,-1,-0.020499856816934225,0xf02934d2325479e47bd7a44185da7b2ea1376858
24130,-1,-0.02298306747406853,0xf15ca59f278247ab10426fa215ffda21c19053a2
24131,-1,-0.02298306747406853,0xf15ea57407beff0226dafb39725baae1cd011ca8
24240,-1,-0.024725220413163496,0xf29785ceb2ff264a20c2c034fade62e5a197a517
24339,-1,-0.07486112769007736,0xf3b63eca656f006a7631288ecde85feacfd6f379
24359,-1,-0.07668887776106781,0xf3e4477c0a883b1c6cc27b8f933f74a3f2ab235d
24412,-1,-0.028680838289945387,0xf482d79ae6e8725c199213fc909d6bc30df62815
24414,-1,-0.07848960120409643,0xf483c9ed346a34c090a74bc96be7909f02082252
24421,-1,-0.05532354320720445,0xf48a3f7c0575c85cf4529aa220caf3c055773f1c
24441,-1,-0.07843563951608867,0xf4b93a4af83f98305a8d490e9c9ead78b7aad92f
24448,-1,-0.07828339200037682,0xf4ccd5d7762daf4f54fe17ff8d37f3c5d4c76b52
24466,-1,-0.01737914631977311,0xf4f05367b4818698375b2fbff7de28f9b2dc63d7
24474,-1,-0.07828339200037682,0xf506eab3ae622fa130d892ab64d8fc5d6603a46c
24573,-1,-0.028680838289945387,0xf5f6c89f787a1c66d29e152eac05e68744d2d1be
24645,-1,-0.07486112769007736,0xf6b01ae388940147d034c7ddec65024fc5b2b229
24724,-1,-0.07668887776106781,0xf792e36359fa46447c7bb9f0132f333ebd239e19
24825,-1,-0.07848960120409643,0xf8c1726e5da727a1a904aed66c92eb68094b45ed
24870,-1,-0.028680838289945387,0xf93f91d19b86617e18bcfa8754259f4f70e2b9a6
24921,-1,-0.07822944477937877,0xf9cee9e240352acc9c8f7a09506d58b29c59f84c
24923,-1,-0.07668887776106781,0xf9d3ebd0f4a06881106c7779b7c3941cf3f4487b
24956,-1,-0.07848960120409643,0xfa25bfc5666a9fe277abadb1337c0bcf12e03f19
24999,-1,-0.07668887776106781,0xfa8990be0c8590f72b94823d34c49ccbdfc9b81a
25006,-1,-0.028680838289945387,0xfa9948ad77d7b1e2f9b3d5cc2c5649e6470b5997
25011,-1,-0.07843563951608867,0xfaa99a908731ec6fa7385a0e556251293a0b8466
25078,-1,-0.030924954700146334,0xfb5c2b319471b475187fa74097d0ac2d99ec7ac3
25098,-1,-0.07668887776106781,0xfb8ef558e08c4ae766d8329c0a87486e2a59beb6
25124,-1,-0.07843563951608867,0xfbb87ff49a58af0c978b116381cabd504d8c7ab4
25156,-1,-0.07668887776106781,0xfc0e41791dadf5f601779d62f01bc9c446f29faa
25196,-1,-0.07848960120409643,0xfc8a20b4eecd117b0928243e95d096a77b20136c
25254,-1,-0.025474968168099132,0xfd14567eaf9ba941cb8c8a94eec14831ca7fd1b4
25264,-1,-0.07843563951608867,0xfd2f1ae08e3db549f76a8bef19fd2e2971513bfd
25272,-1,-0.07848960120409643,0xfd3eded33a431cd1693ba86a434ccb24b4d76ef7
25403,-1,-0.04637912417657719,0xfe949f946b5b64eb6b092ca59465e07ee7aadf8f
25421,-1,-0.07848960120409643,0xfebb4a572c7e32d6858e9606c14a1002bee86dad
25431,-1,-0.02218593267300073,0xfed2399b20011af1fc985d5354f12cbc57ed48f9
25473,-1,-0.02298306747406853,0xff3a6eec32c070302fd4f5d49ac859163b58c82c
25482,-1,-0.028680838289945387,0xff54f3614638161e4e327b4638285b0b3303471f
